	1	2	3	4	5	6	7	8	9	10	11	12	13	14	15	16	17	18	19	20	21	22	23	24	25	26	27	28	29	30	31	32	33	34	35	36	37	38	39	40	41	42	43	44	45	46	47	48	49	50	51	52	53	54	55	56	57
363	52.7	52.67	53.02	53.79	52.35	51.17	50.75	50.94	49.83	49.94	50.05	50.4	50.09	50.63	50.75	50.86	49.64	49.2	48.84	48.95	47.71	47.26	46.89	46.78	46.54	46.65	46.1	45.73	45.83	45.69	46.05	44.84	44.37	45.18	44.57	44.01	43.61	43.26	43.82	43.33	42.84	42.94	42.36	42.78	42.42	42.99	43.36	43.46	42.96	42.22	42.08	42.66	42.06	41.39	42.5	41.99	42.19
362	52.29	52.25	52.6	53.38	51.93	50.75	50.32	50.52	49.4	49.51	49.62	49.97	49.66	50.2	50.31	50.43	49.2	48.76	48.4	48.51	47.26	46.81	46.44	46.32	46.08	46.19	45.64	45.26	45.37	45.22	45.58	44.37	43.89	44.71	44.09	43.52	43.13	42.77	43.33	42.84	42.35	42.45	41.86	42.29	41.92	42.49	42.86	42.96	42.46	41.71	41.57	42.15	41.54	40.88	41.98	41.47	41.67
361	52.41	52.37	52.72	53.5	52.05	50.86	50.44	50.63	49.51	49.62	49.73	50.09	49.77	50.31	50.43	50.55	49.31	48.87	48.51	48.62	47.37	46.91	46.54	46.43	46.19	46.3	45.75	45.37	45.47	45.32	45.68	44.47	43.99	44.81	44.2	43.63	43.23	42.87	43.43	42.94	42.45	42.55	41.96	42.39	42.02	42.59	42.96	43.06	42.56	41.81	41.67	42.25	41.65	40.98	42.09	41.57	41.77
360	52.52	52.49	52.84	53.62	52.17	50.98	50.55	50.75	49.62	49.73	49.84	50.2	49.89	50.43	50.55	50.66	49.43	48.98	48.62	48.73	47.48	47.02	46.65	46.54	46.3	46.4	45.85	45.47	45.58	45.43	45.79	44.57	44.09	44.92	44.3	43.73	43.33	42.97	43.54	43.04	42.55	42.65	42.06	42.49	42.12	42.69	43.06	43.17	42.66	41.91	41.77	42.36	41.75	41.08	42.19	41.68	41.87
359	52.11	52.07	52.42	53.2	51.75	50.55	50.12	50.32	49.19	49.3	49.41	49.76	49.45	49.99	50.11	50.22	48.98	48.54	48.17	48.28	47.02	46.56	46.19	46.07	45.83	45.94	45.39	45.0	45.11	44.96	45.32	44.09	43.61	44.44	43.82	43.24	42.84	42.48	43.04	42.55	42.05	42.15	41.56	41.98	41.61	42.19	42.56	42.66	42.15	41.39	41.25	41.84	41.23	40.55	41.67	41.15	41.35
358	51.69	51.65	52.0	52.78	51.32	50.12	49.69	49.88	48.75	48.86	48.97	49.33	49.01	49.55	49.67	49.78	48.54	48.09	47.72	47.83	46.56	46.1	45.73	45.61	45.37	45.47	44.92	44.53	44.63	44.48	44.84	43.61	43.13	43.95	43.33	42.75	42.35	41.98	42.55	42.05	41.55	41.65	41.05	41.48	41.1	41.68	42.05	42.15	41.64	40.88	40.73	41.32	40.7	40.02	41.14	40.62	40.82
357	51.81	51.77	52.12	52.91	51.44	50.24	49.8	50.0	48.86	48.97	49.08	49.44	49.12	49.67	49.78	49.9	48.65	48.2	47.83	47.94	46.67	46.21	45.83	45.72	45.47	45.58	45.02	44.63	44.74	44.58	44.95	43.71	43.23	44.06	43.43	42.85	42.45	42.08	42.65	42.15	41.65	41.75	41.15	41.58	41.2	41.78	42.15	42.25	41.74	40.98	40.83	41.42	40.8	40.12	41.24	40.72	40.92
356	51.58	51.54	51.89	52.68	51.21	50.0	49.57	49.76	48.62	48.73	48.84	49.2	48.88	49.42	49.54	49.65	48.4	47.95	47.58	47.69	46.42	45.95	45.57	45.45	45.21	45.31	44.75	44.36	44.47	44.31	44.68	43.44	42.95	43.78	43.16	42.57	42.17	41.8	42.37	41.86	41.36	41.46	40.86	41.29	40.91	41.49	41.86	41.96	41.44	40.68	40.53	41.12	40.5	39.82	40.94	40.42	40.61
355	51.7	51.65	52.01	52.8	51.33	50.11	49.68	49.87	48.73	48.84	48.95	49.31	48.99	49.54	49.65	49.77	48.51	48.06	47.69	47.8	46.52	46.06	45.68	45.56	45.31	45.42	44.86	44.47	44.57	44.42	44.78	43.54	43.05	43.89	43.26	42.67	42.27	41.9	42.47	41.96	41.46	41.56	40.95	41.39	41.01	41.59	41.96	42.06	41.54	40.78	40.63	41.22	40.6	39.91	41.04	40.52	40.71
354	51.81	51.77	52.13	52.92	51.44	50.23	49.79	49.99	48.84	48.95	49.07	49.42	49.1	49.65	49.77	49.89	48.63	48.17	47.8	47.91	46.63	46.17	45.79	45.67	45.42	45.53	44.96	44.57	44.68	44.52	44.89	43.65	43.16	43.99	43.36	42.78	42.37	42.0	42.57	42.07	41.56	41.66	41.05	41.49	41.1	41.69	42.06	42.17	41.65	40.88	40.73	41.33	40.7	40.01	41.15	40.62	40.82
353	51.93	51.89	52.25	53.04	51.56	50.34	49.91	50.1	48.95	49.07	49.18	49.54	49.22	49.77	49.89	50.0	48.74	48.29	47.91	48.03	46.74	46.28	45.89	45.77	45.53	45.64	45.07	44.68	44.78	44.63	45.0	43.75	43.26	44.1	43.47	42.88	42.47	42.1	42.67	42.17	41.66	41.76	41.15	41.59	41.2	41.79	42.17	42.27	41.75	40.98	40.83	41.43	40.8	40.11	41.25	40.72	40.92
352	50.81	50.76	51.12	51.91	50.42	49.2	48.76	48.95	47.8	47.9	48.02	48.37	48.05	48.6	48.71	48.83	47.56	47.1	46.72	46.83	45.54	45.07	44.68	44.55	44.3	44.41	43.84	43.44	43.54	43.39	43.75	42.49	42.0	42.83	42.2	41.6	41.19	40.81	41.39	40.87	40.36	40.46	39.84	40.27	39.89	40.47	40.85	40.95	40.42	39.64	39.49	40.08	39.45	38.75	39.89	39.35	39.55
351	50.38	50.33	50.69	51.48	49.99	48.76	48.31	48.51	47.35	47.46	47.56	47.92	47.59	48.15	48.26	48.37	47.1	46.63	46.25	46.36	45.07	44.59	44.2	44.08	43.82	43.93	43.35	42.95	43.05	42.89	43.26	42.0	41.5	42.34	41.69	41.1	40.68	40.3	40.87	40.36	39.84	39.94	39.32	39.75	39.36	39.94	40.32	40.42	39.89	39.1	38.95	39.55	38.91	38.21	39.35	38.81	39.0
350	50.49	50.45	50.81	51.6	50.1	48.87	48.43	48.62	47.46	47.56	47.67	48.03	47.7	48.26	48.37	48.49	47.21	46.74	46.36	46.47	45.17	44.7	44.3	44.18	43.93	44.03	43.45	43.05	43.16	43.0	43.36	42.1	41.6	42.44	41.79	41.2	40.78	40.4	40.97	40.46	39.94	40.03	39.42	39.85	39.46	40.04	40.42	40.52	39.98	39.2	39.05	39.64	39.0	38.3	39.44	38.9	39.1
349	50.61	50.56	50.92	51.72	50.22	48.98	48.54	48.73	47.56	47.67	47.78	48.15	47.81	48.37	48.49	48.6	47.32	46.85	46.47	46.58	45.28	44.8	44.41	44.28	44.03	44.13	43.56	43.16	43.26	43.1	43.47	42.2	41.69	42.54	41.89	41.29	40.87	40.49	41.07	40.55	40.03	40.13	39.51	39.94	39.55	40.14	40.52	40.62	40.08	39.3	39.14	39.74	39.1	38.4	39.54	39.0	39.2
348	50.97	50.92	51.28	52.09	50.58	49.34	48.9	49.09	47.92	48.03	48.15	48.51	48.18	48.74	48.85	48.97	47.68	47.22	46.84	46.95	45.64	45.16	44.77	44.65	44.39	44.5	43.92	43.52	43.63	43.47	43.84	42.56	42.06	42.91	42.26	41.66	41.24	40.86	41.44	40.92	40.4	40.5	39.88	40.32	39.93	40.52	40.9	41.0	40.46	39.67	39.52	40.13	39.48	38.78	39.93	39.39	39.58
347	50.4	50.36	50.72	51.52	50.01	48.77	48.32	48.51	47.34	47.45	47.56	47.92	47.59	48.15	48.26	48.38	47.09	46.62	46.23	46.34	45.03	44.55	44.15	44.03	43.77	43.88	43.3	42.89	42.99	42.83	43.2	41.92	41.42	42.26	41.61	41.01	40.59	40.2	40.78	40.26	39.74	39.83	39.21	39.64	39.25	39.84	40.22	40.32	39.78	38.98	38.83	39.43	38.79	38.07	39.23	38.68	38.88
346	50.52	50.48	50.84	51.64	50.13	48.88	48.43	48.63	47.45	47.56	47.67	48.03	47.7	48.26	48.38	48.49	47.2	46.73	46.34	46.45	45.14	44.66	44.26	44.13	43.88	43.98	43.4	42.99	43.1	42.93	43.3	42.02	41.51	42.37	41.72	41.11	40.68	40.3	40.88	40.36	39.83	39.93	39.3	39.74	39.34	39.94	40.32	40.42	39.88	39.08	38.93	39.53	38.88	38.17	39.33	38.78	38.98
345	50.64	50.59	50.96	51.76	50.25	48.99	48.54	48.74	47.56	47.67	47.78	48.15	47.81	48.38	48.49	48.61	47.31	46.84	46.45	46.56	45.24	44.76	44.36	44.24	43.98	44.09	43.5	43.1	43.2	43.04	43.41	42.12	41.61	42.47	41.82	41.21	40.78	40.4	40.98	40.46	39.93	40.03	39.4	39.84	39.44	40.04	40.42	40.52	39.98	39.18	39.02	39.63	38.98	38.27	39.43	38.88	39.08
344	51.0	50.96	51.32	52.13	50.61	49.36	48.91	49.11	47.92	48.03	48.15	48.51	48.18	48.75	48.86	48.98	47.68	47.21	46.82	46.94	45.61	45.13	44.73	44.61	44.35	44.46	43.87	43.47	43.57	43.41	43.78	42.5	41.99	42.84	42.19	41.58	41.16	40.77	41.36	40.83	40.3	40.4	39.78	40.22	39.82	40.42	40.8	40.91	40.36	39.56	39.41	40.02	39.37	38.65	39.82	39.27	39.47
343	51.12	51.08	51.44	52.26	50.73	49.47	49.02	49.22	48.03	48.15	48.26	48.63	48.29	48.86	48.98	49.1	47.79	47.32	46.94	47.05	45.72	45.24	44.84	44.71	44.46	44.56	43.98	43.57	43.68	43.51	43.89	42.6	42.09	42.95	42.29	41.68	41.26	40.87	41.46	40.93	40.4	40.5	39.87	40.32	39.92	40.52	40.91	41.01	40.47	39.66	39.51	40.12	39.47	38.75	39.92	39.37	39.57
342	51.24	51.2	51.56	52.38	50.85	49.59	49.14	49.34	48.15	48.26	48.38	48.75	48.41	48.98	49.1	49.22	47.91	47.44	47.05	47.16	45.83	45.35	44.95	44.82	44.56	44.67	44.09	43.68	43.78	43.62	44.0	42.7	42.19	43.06	42.4	41.79	41.36	40.97	41.56	41.04	40.5	40.6	39.97	40.42	40.02	40.62	41.01	41.11	40.57	39.76	39.61	40.22	39.57	38.85	40.02	39.47	39.67
341	51.58	51.54	51.91	52.73	51.19	49.93	49.48	49.68	48.49	48.6	48.72	49.09	48.75	49.33	49.45	49.57	48.26	47.78	47.39	47.51	46.18	45.69	45.29	45.17	44.91	45.02	44.43	44.02	44.13	43.97	44.35	43.05	42.54	43.41	42.75	42.13	41.71	41.32	41.91	41.39	40.85	40.96	40.32	40.77	40.37	40.98	41.37	41.47	40.93	40.12	39.97	40.59	39.93	39.21	40.39	39.83	40.04
340	51.95	51.91	52.28	53.1	51.57	50.3	49.85	50.05	48.86	48.97	49.09	49.46	49.13	49.7	49.83	49.95	48.63	48.16	47.77	47.89	46.55	46.07	45.67	45.54	45.29	45.4	44.81	44.4	44.51	44.35	44.73	43.43	42.92	43.79	43.13	42.52	42.09	41.7	42.3	41.77	41.24	41.34	40.71	41.16	40.76	41.37	41.76	41.87	41.32	40.51	40.36	40.98	40.33	39.6	40.79	40.23	40.44
339	50.39	50.35	50.72	51.54	49.99	48.72	48.26	48.46	47.25	47.36	47.48	47.85	47.51	48.08	48.2	48.31	46.99	46.51	46.12	46.23	44.88	44.39	43.98	43.85	43.59	43.7	43.1	42.68	42.79	42.62	43.0	41.69	41.17	42.04	41.37	40.75	40.31	39.92	40.51	39.98	39.44	39.54	38.89	39.34	38.93	39.54	39.93	40.03	39.47	38.66	38.5	39.11	38.45	37.72	38.9	38.34	38.54
338	48.83	48.78	49.14	49.96	48.4	47.12	46.66	46.85	45.64	45.75	45.86	46.22	45.87	46.44	46.56	46.67	45.34	44.85	44.45	44.56	43.2	42.7	42.29	42.15	41.88	41.99	41.38	40.96	41.06	40.89	41.26	39.94	39.41	40.28	39.6	38.97	38.53	38.13	38.72	38.17	37.63	37.72	37.07	37.51	37.1	37.7	38.08	38.18	37.61	36.79	36.62	37.23	36.56	35.82	37.0	36.43	36.62
337	48.94	48.89	49.26	50.08	48.52	47.23	46.77	46.96	45.75	45.86	45.96	46.33	45.98	46.56	46.67	46.78	45.45	44.96	44.56	44.66	43.31	42.8	42.39	42.26	41.99	42.09	41.48	41.06	41.16	40.98	41.36	40.04	39.51	40.38	39.7	39.07	38.62	38.22	38.81	38.27	37.72	37.81	37.16	37.6	37.19	37.79	38.18	38.27	37.71	36.88	36.71	37.33	36.65	35.91	37.09	36.52	36.72
336	49.06	49.01	49.37	50.2	48.63	47.34	46.88	47.07	45.86	45.96	46.07	46.44	46.09	46.67	46.78	46.9	45.56	45.07	44.66	44.77	43.41	42.91	42.49	42.36	42.09	42.19	41.58	41.16	41.26	41.09	41.46	40.13	39.6	40.48	39.8	39.16	38.72	38.31	38.91	38.36	37.81	37.91	37.25	37.7	37.28	37.89	38.27	38.37	37.8	36.97	36.81	37.42	36.74	36.0	37.19	36.61	36.81
335	49.4	49.35	49.72	50.54	48.98	47.68	47.22	47.42	46.19	46.3	46.41	46.79	46.44	47.01	47.13	47.24	45.9	45.41	45.01	45.12	43.75	43.25	42.84	42.7	42.43	42.53	41.93	41.5	41.6	41.43	41.81	40.48	39.95	40.82	40.14	39.51	39.06	38.66	39.26	38.71	38.16	38.25	37.6	38.05	37.63	38.24	38.63	38.73	38.16	37.33	37.16	37.78	37.1	36.36	37.55	36.98	37.17
334	49.51	49.46	49.84	50.67	49.09	47.8	47.33	47.53	46.3	46.41	46.53	46.9	46.55	47.13	47.24	47.36	46.01	45.52	45.12	45.23	43.86	43.36	42.94	42.81	42.53	42.64	42.03	41.6	41.71	41.53	41.91	40.58	40.04	40.93	40.24	39.61	39.16	38.76	39.36	38.81	38.25	38.35	37.69	38.14	37.73	38.34	38.73	38.83	38.26	37.42	37.26	37.88	37.2	36.45	37.65	37.07	37.27
333	49.63	49.58	49.96	50.79	49.21	47.91	47.44	47.64	46.41	46.53	46.64	47.01	46.66	47.24	47.36	47.48	46.13	45.63	45.23	45.34	43.97	43.46	43.05	42.91	42.64	42.74	42.13	41.71	41.81	41.64	42.02	40.68	40.14	41.03	40.34	39.71	39.26	38.85	39.46	38.9	38.35	38.45	37.79	38.24	37.82	38.43	38.83	38.93	38.36	37.52	37.35	37.98	37.29	36.54	37.75	37.17	37.37
332	49.75	49.7	50.08	50.91	49.33	48.03	47.56	47.76	46.53	46.64	46.75	47.13	46.78	47.36	47.48	47.59	46.24	45.75	45.34	45.45	44.08	43.57	43.15	43.02	42.74	42.85	42.24	41.81	41.91	41.74	42.12	40.78	40.24	41.13	40.45	39.81	39.36	38.95	39.56	39.0	38.45	38.54	37.88	38.34	37.92	38.53	38.93	39.03	38.46	37.62	37.45	38.08	37.39	36.64	37.85	37.27	37.47
331	49.87	49.82	50.2	51.04	49.45	48.14	47.67	47.87	46.64	46.75	46.87	47.24	46.89	47.48	47.59	47.71	46.35	45.86	45.45	45.57	44.18	43.68	43.26	43.12	42.85	42.96	42.34	41.91	42.02	41.84	42.23	40.88	40.34	41.23	40.55	39.91	39.46	39.05	39.66	39.1	38.54	38.64	37.98	38.43	38.01	38.63	39.03	39.13	38.56	37.71	37.55	38.18	37.49	36.73	37.95	37.36	37.57
330	49.99	49.94	50.32	51.16	49.57	48.26	47.79	47.99	46.75	46.87	46.98	47.36	47.01	47.59	47.71	47.83	46.47	45.97	45.57	45.68	44.29	43.79	43.37	43.23	42.96	43.06	42.45	42.02	42.12	41.95	42.34	40.98	40.45	41.34	40.65	40.01	39.56	39.15	39.76	39.2	38.64	38.74	38.08	38.53	38.11	38.73	39.13	39.23	38.66	37.81	37.64	38.28	37.59	36.83	38.05	37.46	37.67
329	50.37	50.32	50.7	51.55	49.95	48.64	48.16	48.37	47.13	47.24	47.36	47.74	47.39	47.98	48.1	48.22	46.85	46.36	45.95	46.07	44.68	44.17	43.75	43.61	43.34	43.45	42.83	42.4	42.51	42.34	42.73	41.37	40.83	41.73	41.04	40.4	39.94	39.53	40.15	39.59	39.03	39.13	38.47	38.93	38.5	39.13	39.53	39.63	39.06	38.21	38.04	38.68	37.99	37.23	38.46	37.87	38.08
328	50.49	50.44	50.82	51.67	50.07	48.76	48.28	48.49	47.24	47.36	47.48	47.86	47.51	48.1	48.22	48.34	46.97	46.48	46.07	46.18	44.79	44.28	43.86	43.72	43.45	43.56	42.94	42.51	42.62	42.44	42.83	41.48	40.93	41.84	41.14	40.5	40.05	39.63	40.25	39.69	39.13	39.23	38.56	39.03	38.6	39.23	39.63	39.74	39.16	38.31	38.14	38.78	38.09	37.33	38.56	37.97	38.18
327	50.61	50.56	50.95	51.8	50.2	48.88	48.4	48.61	47.36	47.48	47.59	47.98	47.63	48.22	48.34	48.46	47.09	46.59	46.18	46.3	44.9	44.39	43.97	43.83	43.56	43.67	43.05	42.62	42.73	42.55	42.94	41.58	41.04	41.94	41.25	40.6	40.15	39.74	40.35	39.8	39.23	39.33	38.66	39.13	38.7	39.33	39.74	39.84	39.26	38.41	38.24	38.89	38.19	37.43	38.66	38.07	38.28
326	51.19	51.15	51.53	52.39	50.78	49.46	48.99	49.2	47.95	48.07	48.19	48.57	48.22	48.82	48.94	49.07	47.69	47.19	46.78	46.9	45.5	44.99	44.57	44.44	44.16	44.28	43.66	43.23	43.34	43.16	43.56	42.19	41.65	42.56	41.87	41.22	40.77	40.35	40.98	40.42	39.86	39.96	39.29	39.76	39.33	39.97	40.38	40.48	39.91	39.05	38.89	39.53	38.84	38.07	39.32	38.73	38.94
325	51.32	51.27	51.66	52.52	50.91	49.58	49.11	49.32	48.07	48.19	48.31	48.7	48.34	48.94	49.07	49.19	47.81	47.31	46.9	47.02	45.62	45.11	44.68	44.55	44.28	44.39	43.77	43.34	43.45	43.27	43.67	42.3	41.76	42.67	41.98	41.33	40.87	40.46	41.09	40.52	39.96	40.06	39.39	39.86	39.44	40.08	40.48	40.59	40.01	39.16	38.99	39.64	38.94	38.18	39.42	38.83	39.04
324	51.45	51.4	51.79	52.65	51.04	49.71	49.23	49.44	48.19	48.31	48.43	48.82	48.46	49.07	49.19	49.32	47.93	47.43	47.02	47.14	45.74	45.22	44.8	44.66	44.39	44.5	43.88	43.45	43.56	43.39	43.79	42.41	41.87	42.78	42.08	41.43	40.98	40.57	41.19	40.63	40.06	40.17	39.5	39.97	39.54	40.18	40.59	40.7	40.12	39.26	39.1	39.75	39.05	38.28	39.53	38.94	39.15
323	51.19	51.15	51.54	52.4	50.78	49.45	48.97	49.18	47.92	48.04	48.16	48.55	48.19	48.8	48.92	49.05	47.66	47.15	46.74	46.86	45.45	44.93	44.51	44.37	44.1	44.21	43.58	43.15	43.26	43.08	43.48	42.1	41.55	42.47	41.77	41.12	40.66	40.24	40.87	40.31	39.74	39.84	39.16	39.64	39.21	39.85	40.26	40.37	39.78	38.92	38.75	39.41	38.7	37.93	39.18	38.59	38.8
322	51.32	51.28	51.67	52.53	50.91	49.57	49.09	49.3	48.04	48.16	48.28	48.67	48.31	48.92	49.05	49.17	47.78	47.28	46.86	46.98	45.56	45.05	44.62	44.48	44.21	44.32	43.7	43.26	43.37	43.19	43.6	42.21	41.66	42.58	41.88	41.22	40.76	40.35	40.98	40.41	39.84	39.95	39.27	39.74	39.31	39.96	40.37	40.48	39.89	39.03	38.86	39.51	38.81	38.03	39.29	38.69	38.91
321	51.45	51.4	51.8	52.67	51.04	49.69	49.21	49.43	48.16	48.28	48.4	48.8	48.44	49.05	49.17	49.3	47.9	47.4	46.98	47.1	45.68	45.16	44.73	44.6	44.32	44.44	43.81	43.37	43.48	43.31	43.71	42.32	41.77	42.7	41.99	41.33	40.87	40.45	41.09	40.52	39.95	40.05	39.37	39.85	39.42	40.06	40.48	40.59	40.0	39.13	38.96	39.62	38.92	38.14	39.4	38.8	39.02
320	51.58	51.53	51.93	52.8	51.17	49.82	49.34	49.55	48.28	48.4	48.52	48.92	48.56	49.17	49.3	49.43	48.03	47.52	47.1	47.23	45.8	45.28	44.85	44.72	44.44	44.55	43.92	43.48	43.6	43.42	43.83	42.43	41.88	42.81	42.1	41.44	40.98	40.56	41.2	40.63	40.05	40.16	39.48	39.96	39.52	40.17	40.59	40.7	40.11	39.24	39.07	39.73	39.02	38.24	39.51	38.91	39.13
319	51.11	51.06	51.46	52.33	50.69	49.34	48.85	49.06	47.79	47.91	48.03	48.43	48.06	48.67	48.8	48.93	47.52	47.01	46.59	46.71	45.28	44.75	44.32	44.19	43.91	44.02	43.39	42.94	43.05	42.88	43.28	41.88	41.32	42.26	41.54	40.88	40.41	39.99	40.63	40.05	39.47	39.58	38.89	39.37	38.93	39.58	40.0	40.11	39.51	38.64	38.47	39.13	38.41	37.63	38.9	38.29	38.51
318	49.45	49.39	49.78	50.66	49.0	47.64	47.15	47.36	46.07	46.19	46.3	46.7	46.33	46.93	47.06	47.18	45.76	45.24	44.82	44.93	43.49	42.96	42.52	42.37	42.09	42.19	41.55	41.1	41.21	41.02	41.42	40.01	39.44	40.37	39.65	38.98	38.5	38.07	38.7	38.12	37.53	37.63	36.94	37.41	36.96	37.61	38.02	38.12	37.52	36.63	36.45	37.11	36.38	35.59	36.86	36.24	36.45
317	48.97	48.91	49.3	50.18	48.52	47.15	46.65	46.86	45.57	45.68	45.8	46.19	45.82	46.43	46.55	46.67	45.24	44.72	44.29	44.41	42.96	42.42	41.98	41.83	41.54	41.65	41.0	40.55	40.65	40.46	40.86	39.44	38.88	39.8	39.08	38.4	37.92	37.49	38.12	37.53	36.94	37.04	36.34	36.81	36.36	37.01	37.42	37.52	36.91	36.02	35.83	36.49	35.76	34.96	36.23	35.61	35.82
316	49.36	49.3	49.7	50.57	48.91	47.54	47.04	47.25	45.96	46.07	46.19	46.58	46.21	46.82	46.95	47.07	45.64	45.12	44.69	44.81	43.35	42.81	42.37	42.23	41.94	42.05	41.4	40.94	41.05	40.86	41.26	39.84	39.27	40.21	39.48	38.8	38.32	37.89	38.53	37.94	37.34	37.44	36.74	37.22	36.77	37.42	37.83	37.93	37.32	36.43	36.25	36.91	36.18	35.37	36.65	36.03	36.24
315	49.48	49.43	49.82	50.7	49.03	47.66	47.16	47.37	46.07	46.19	46.31	46.7	46.33	46.95	47.07	47.19	45.76	45.23	44.81	44.92	43.46	42.93	42.48	42.34	42.05	42.16	41.51	41.05	41.16	40.97	41.37	39.95	39.38	40.31	39.58	38.9	38.42	37.99	38.63	38.04	37.44	37.54	36.84	37.32	36.87	37.52	37.93	38.04	37.42	36.53	36.34	37.01	36.28	35.47	36.75	36.13	36.34
314	49.6	49.55	49.95	50.83	49.16	47.78	47.28	47.49	46.19	46.31	46.43	46.82	46.45	47.07	47.19	47.31	45.88	45.35	44.92	45.04	43.58	43.04	42.59	42.45	42.16	42.27	41.61	41.16	41.26	41.08	41.48	40.05	39.48	40.42	39.69	39.01	38.53	38.09	38.73	38.14	37.54	37.64	36.94	37.42	36.96	37.62	38.04	38.14	37.53	36.63	36.44	37.11	36.38	35.57	36.85	36.23	36.44
313	49.73	49.68	50.08	50.96	49.29	47.9	47.4	47.62	46.31	46.43	46.55	46.95	46.57	47.19	47.31	47.44	46.0	45.47	45.04	45.16	43.69	43.15	42.7	42.56	42.27	42.38	41.72	41.26	41.37	41.19	41.59	40.16	39.58	40.53	39.79	39.11	38.63	38.19	38.83	38.24	37.64	37.74	37.03	37.52	37.06	37.72	38.14	38.24	37.63	36.73	36.54	37.21	36.48	35.66	36.96	36.33	36.54
312	49.86	49.8	50.2	51.1	49.41	48.02	47.52	47.74	46.43	46.55	46.67	47.07	46.69	47.31	47.44	47.56	46.12	45.59	45.16	45.28	43.8	43.26	42.82	42.67	42.38	42.49	41.83	41.37	41.48	41.3	41.71	40.26	39.69	40.64	39.9	39.21	38.73	38.29	38.94	38.34	37.74	37.85	37.13	37.62	37.16	37.82	38.24	38.35	37.73	36.83	36.64	37.32	36.58	35.76	37.06	36.43	36.65
311	49.98	49.93	50.33	51.23	49.54	48.15	47.64	47.86	46.55	46.67	46.79	47.19	46.81	47.44	47.56	47.69	46.24	45.71	45.28	45.4	43.92	43.38	42.93	42.78	42.49	42.6	41.94	41.48	41.59	41.41	41.82	40.37	39.79	40.75	40.01	39.32	38.83	38.39	39.04	38.45	37.85	37.95	37.23	37.72	37.27	37.93	38.35	38.46	37.84	36.93	36.75	37.42	36.68	35.86	37.17	36.53	36.75
310	49.49	49.44	49.84	50.74	49.04	47.64	47.14	47.35	46.03	46.15	46.27	46.67	46.29	46.92	47.04	47.17	45.71	45.18	44.74	44.86	43.38	42.83	42.38	42.23	41.93	42.04	41.38	40.92	41.03	40.84	41.25	39.79	39.21	40.17	39.42	38.73	38.24	37.8	38.45	37.85	37.24	37.34	36.62	37.11	36.65	37.31	37.73	37.84	37.21	36.3	36.11	36.79	36.04	35.22	36.52	35.89	36.1
309	48.57	48.52	48.92	49.81	48.11	46.7	46.19	46.41	45.08	45.19	45.31	45.71	45.33	45.95	46.07	46.19	44.73	44.19	43.75	43.86	42.37	41.82	41.36	41.21	40.91	41.02	40.35	39.88	39.98	39.79	40.2	38.74	38.15	39.1	38.35	37.65	37.16	36.71	37.36	36.75	36.14	36.23	35.51	35.99	35.53	36.19	36.61	36.71	36.08	35.15	34.96	35.64	34.88	34.05	35.36	34.72	34.93
